{"cameraMode":{"drawMode":0,"name":"Shaded","section":"Shading Mode"},"sceneLighting":true,"audioPlay":false,"sceneViewState":{"m_AlwaysRefresh":false,"showFog":true,"showSkybox":true,"showFlares":true,"showImageEffects":true,"showParticleSystems":true,"showVisualEffectGraphs":true,"m_FxEnabled":true},"in2DMode":false,"pivot":{"x":-0.1995859146118164,"y":0.4297613799571991,"z":0.32968688011169436},"rotation":{"x":-0.021489379927515985,"y":-0.9780451655387878,"z":0.1614491194486618,"w":-0.13016560673713685},"size":0.09601878374814987,"orthographic":false}